62-1	33267		John: The Apostle of Love
62-2	47842	1 John 1:1	Certainties of the Word of Life, Part 1
62-3	40631	1 John 1:1–4	Certainties of the Word of Life, Part 2
62-4	41768	1 John 1:5–2:1	The Certainty of Sin, Part 1
62-5	33116	1 John 1:5	God: The Source of Light
62-6	42701	1 John 1:5–2:1	The Certainty of Sin, Part 2
62-7	38069	1 John 1:5–2:1	The Certainty of Sin, Part 3
62-8	41127	1 John 1:8–10	Total Forgiveness and the Confession of Sin
62-9	46037	1 John 2:1	Our Divine Defense Attorney
62-10	45636	1 John 2:2	The Sacrifice that Satisfied
62-11	46016	1 John 2:3	The Certainty of Christian Assurance, Part 1
62-12	37477	1 John 2:4–6	The Certainty of Christian Assurance, Part 2
62-13	47374	1 John 2:7–11	Live by a New Love
62-14	50036	1 John 2:12–14	The Stages of Spiritual Growth
62-15	43112	1 John 2:15–17	The Love God Hates
62-16	47800	1 John 2:15–17	Why Christians Don't Love the World
62-17	44977	1 John 2:16	The Cardiology of Worldliness
62-18	50526	1 John 2:18	Christians and Antichrists, Part 1
62-19	50585	1 John 2:19–26	Christians and Antichrists, Part 2
62-20	42806	1 John 2:19–27	Christ and Antichrists, Part 3
62-21	37801	1 John 2:28–3:3	A Theology of Hope
62-22	45845	1 John 2:28	The Purifying Hope, Part 1
62-23	41003	1 John 2:28–3:1	The Purifying Hope, Part 2
62-24	40950	1 John 3:1–3	The Purifying Hope, Part 3
62-25	41459	1 John 3:4–10	The Christian's Incompatibility with Sin, Part 1
62-26	35415	1 John 3:4–8	The Christian's Incompatibility with Sin, Part 2
62-27	29288	1 John 3:9–10	The Christian's Incompatibility with Sin, Part 3
62-28	44598	1 John 3:11 – 18	True Christians Love One Another
62-29	40204	1 John 3:19	The Essential Foundation of Christian Assurance
62-30	43757	1 John 3:19	Why Christians Lack Assurance
62-31	53561	1 John 3:19–24	Holy Affections
62-32	39274	1 John 4:1	A Call to Discernment
62-33	35140	1 John 4:1–6	How to Test the Spirits
62-34	37748	1 John 4:7–12	Manifesting Perfect Love, Part 1
62-35	47427	1 John 4:13–21	Manifesting Perfect Love, Part 2
62-36	36781	1 John 5:1–5	How to Recognize an Overcomer, Part 1
62-37	53222	1 John 5:1–5	How to Recognize an Overcomer, Part 2
62-38	38457	1 John 5:6–8	The Witness of God, Part 1
62-39	47154	1 John 5:9–12	The Witness of God, Part 2
62-40	34865	1 John 5:13	Christian Certainties, Part 1
62-41	33557	1 John 5:14–17	Christian Certainties, Part 2
62-42	35133	1 John 5:18–21	Christian Certainties, Part 3
