62-1	April 14, 2002
62-2	April 21, 2002
62-3	April 28, 2002
62-4	May 5, 2002
62-5	May 19, 2002
62-6	May 26, 2002
62-7	July 21, 2002
62-8	August 18, 2002
62-9	August 25, 2002
62-10	September 1, 2002
62-11	September 8, 2002
62-12	September 15, 2002
62-13	October 6, 2002
62-14	October 13, 2002
62-15	October 20, 2002
62-16	October 27, 2002
62-17	November 3, 2002
62-18	November 10, 2002
62-19	November 17, 2002
62-20	November 24, 2002
62-21	January 5, 2003
62-22	January 12, 2003
62-23	January 19, 2003
62-24	January 26, 2003
62-25	February 23, 2003
62-26	March 2, 2003
62-27	March 30, 2003
62-28	April 6, 2003
62-29	April 13, 2003
62-30	April 27, 2003
62-31	May 18, 2003
62-32	June 22, 2003
62-33	June 29, 2003
62-34	July 20, 2003
62-35	July 27, 2003
62-36	August 17, 2003
62-37	August 24, 2003
62-38	August 31, 2003
62-39	September 7, 2003
62-40	September 14, 2003
62-41	September 21, 2003
62-42	October 12, 2003
