reference	sources
以弗所書 1:14	08-life-in-the-spirit.md
以弗所書 1:4-5	09-sovereign-election.md
以弗所書 1:5	08-life-in-the-spirit.md
以弗所書 2:14	11-future-of-israel.md
以弗所書 3:8	11-future-of-israel.md
以弗所書 6	13-submission-to-authority.md
以弗所書 6:11	13-submission-to-authority.md
以西結書 1	02-righteous-judgment.md
以西結書 3	03-universal-sin-justification.md
以西結書 36:26-27	02-righteous-judgment.md
以賽亞書 10:22	11-future-of-israel.md
以賽亞書 10:22-23	09-sovereign-election.md
以賽亞書 11	15-christs-example-mission.md
以賽亞書 11:10	15-christs-example-mission.md
以賽亞書 1:9	09-sovereign-election.md
以賽亞書 29:10	11-future-of-israel.md
以賽亞書 29:16	09-sovereign-election.md
以賽亞書 40:13	11-future-of-israel.md
以賽亞書 44	01-gospel-and-condemnation.md
以賽亞書 45:1	13-submission-to-authority.md
以賽亞書 45:23	14-weak-and-strong.md
以賽亞書 45:4	13-submission-to-authority.md
以賽亞書 45:9	09-sovereign-election.md
以賽亞書 52:13-53	15-christs-example-mission.md
以賽亞書 52:15	15-christs-example-mission.md
以賽亞書 52:5	02-righteous-judgment.md
以賽亞書 52:7	10-faith-and-mission.md
以賽亞書 59:7-8	03-universal-sin-justification.md
以賽亞書 8:14	09-sovereign-election.md
但以理書 14	14-weak-and-strong.md
但以理書 24	16-greetings-conclusion.md
但以理書 3	13-submission-to-authority.md
但以理書 5:1	05-fruits-of-justification.md
但以理書 6	13-submission-to-authority.md
但以理書 9	12-living-sacrifice.md
何西阿書 1:10	09-sovereign-election.md
何西阿書 2:23	09-sovereign-election.md
使徒行傳 1	10-faith-and-mission.md
使徒行傳 18:1-18	00-overview.md
使徒行傳 18:12	14-weak-and-strong.md
使徒行傳 18:18-19	16-greetings-conclusion.md
使徒行傳 18:2	00a-romans-position.md, 11-future-of-israel.md, 14-weak-and-strong.md, 16-greetings-conclusion.md
使徒行傳 18:27	16-greetings-conclusion.md
使徒行傳 19	16-greetings-conclusion.md
使徒行傳 1:8	10-faith-and-mission.md
使徒行傳 20:2-3	00-overview.md
使徒行傳 21	15-christs-example-mission.md
使徒行傳 21:27	15-christs-example-mission.md
使徒行傳 24:17	15-christs-example-mission.md
使徒行傳 28	15-christs-example-mission.md
使徒行傳 28:13-14	00-overview.md
使徒行傳 28:14-31	00-overview.md
使徒行傳 28:16	15-christs-example-mission.md
使徒行傳 28:30-31	00a-romans-position.md
使徒行傳 28:31	99-to-spain.md
使徒行傳 2:10	00-overview.md, 00a-romans-position.md, 01-gospel-and-condemnation.md
使徒行傳 2:42	15-christs-example-mission.md
使徒行傳 5:29	13-submission-to-authority.md
使徒行傳 7:2-4	09-sovereign-election.md
出埃及記 11:32-33	11-future-of-israel.md
出埃及記 1:15-21	13-submission-to-authority.md
出埃及記 20	07-law-and-flesh.md
出埃及記 20:17	07-law-and-flesh.md
出埃及記 23:7	04-abrahams-faith.md
出埃及記 32	01-gospel-and-condemnation.md
出埃及記 32:32	09-sovereign-election.md
出埃及記 33:19	09-sovereign-election.md
出埃及記 4:22	08-life-in-the-spirit.md
出埃及記 9:16	09-sovereign-election.md
列王紀上 19	11-future-of-israel.md
列王紀上 19:14	11-future-of-israel.md
利未記 11	14-weak-and-strong.md
利未記 16	03-universal-sin-justification.md
利未記 18:5	10-faith-and-mission.md
利未記 19:18	13-submission-to-authority.md
利未記 1:3-9	12-living-sacrifice.md
創世記 12	11-future-of-israel.md, 15-christs-example-mission.md, 99-to-spain.md
創世記 12:1-3	11-future-of-israel.md
創世記 12:3	15-christs-example-mission.md
創世記 15	04-abrahams-faith.md
創世記 15:13-14	06-united-with-christ.md
創世記 15:6	00a-romans-position.md, 04-abrahams-faith.md
創世記 15:7	09-sovereign-election.md
創世記 17	04-abrahams-faith.md
創世記 1:26	01-gospel-and-condemnation.md
創世記 1:26-27	01-gospel-and-condemnation.md
創世記 22	04-abrahams-faith.md
創世記 22:13	12-living-sacrifice.md
創世記 25:23	09-sovereign-election.md
創世記 29:31	09-sovereign-election.md
創世記 2:7	09-sovereign-election.md
創世記 3	05-fruits-of-justification.md, 07-law-and-flesh.md, 08-life-in-the-spirit.md, 16-greetings-conclusion.md, 99-to-spain.md
創世記 3:15	16-greetings-conclusion.md, 99-to-spain.md
創世記 3:17-19	05-fruits-of-justification.md, 08-life-in-the-spirit.md
創世記 3:8	08-life-in-the-spirit.md
創世記 4:7	07-law-and-flesh.md
創世記 9:6	13-submission-to-authority.md
加拉太書 3:11	00a-romans-position.md, 01-gospel-and-condemnation.md
加拉太書 3:16	11-future-of-israel.md
加拉太書 3:17	04-abrahams-faith.md
加拉太書 3:19	04-abrahams-faith.md
加拉太書 3:24	07-law-and-flesh.md
加拉太書 3:27	13-submission-to-authority.md
加拉太書 3:28	16-greetings-conclusion.md
加拉太書 3:6-9	04-abrahams-faith.md
加拉太書 4:11	16-greetings-conclusion.md
加拉太書 4:4-7	08-life-in-the-spirit.md
加拉太書 4:5	08-life-in-the-spirit.md
加拉太書 4:6	08-life-in-the-spirit.md
加拉太書 5:22-23	14-weak-and-strong.md
加拉太書 6:11	16-greetings-conclusion.md
哈巴谷書 2:1-4	00c-gospel-spine.md
哈巴谷書 2:4	00a-romans-position.md, 00c-gospel-spine.md, 01-gospel-and-condemnation.md
哥林多前書 10:1-2	06-united-with-christ.md
哥林多前書 10:31	14-weak-and-strong.md
哥林多前書 12	12-living-sacrifice.md
哥林多前書 14	15-christs-example-mission.md
哥林多前書 15:10	16-greetings-conclusion.md
哥林多前書 15:17	04-abrahams-faith.md
哥林多前書 15:21-22	05-fruits-of-justification.md
哥林多前書 16:1-4	15-christs-example-mission.md
哥林多前書 1:12-15	16-greetings-conclusion.md
哥林多前書 1:23	01-gospel-and-condemnation.md
哥林多前書 1:30	00c-gospel-spine.md
哥林多前書 8	14-weak-and-strong.md
哥林多前書 8:1	14-weak-and-strong.md
哥林多後書 3:1	16-greetings-conclusion.md
哥林多後書 3:6	02-righteous-judgment.md, 04-abrahams-faith.md
哥林多後書 5:10	14-weak-and-strong.md
哥林多後書 5:21	03-universal-sin-justification.md
哥林多後書 8	15-christs-example-mission.md
啟示錄 12:11	99-to-spain.md
啟示錄 20	99-to-spain.md
啟示錄 20:10	99-to-spain.md
啟示錄 21	99-to-spain.md
啟示錄 3:17	07-law-and-flesh.md
啟示錄 5:13	99-to-spain.md
啟示錄 7	11-future-of-israel.md
啟示錄 7:9	11-future-of-israel.md, 15-christs-example-mission.md
希伯來書 10:10	12-living-sacrifice.md
希伯來書 10:10-14	12-living-sacrifice.md
希伯來書 10:14	03-universal-sin-justification.md
希伯來書 10:38	01-gospel-and-condemnation.md
希伯來書 10:4	12-living-sacrifice.md
希伯來書 7:27	12-living-sacrifice.md
希伯來書 9	03-universal-sin-justification.md
彼得前書 2	13-submission-to-authority.md
彼得前書 2:23	12-living-sacrifice.md
彼得前書 2:5	12-living-sacrifice.md
彼得後書 3:9	02-righteous-judgment.md
提多書 3:5	02-righteous-judgment.md
提摩太前書 3	16-greetings-conclusion.md
提摩太前書 3:8-13	16-greetings-conclusion.md
提摩太前書 6:15	13-submission-to-authority.md
提摩太後書 4:1	02-righteous-judgment.md
撒母耳記下 22:50	15-christs-example-mission.md
歌羅西書 1:15	01-gospel-and-condemnation.md
歌羅西書 2:16	14-weak-and-strong.md
瑪拉基書 1:2-3	09-sovereign-election.md
申命記 21:23	01-gospel-and-condemnation.md
申命記 29:4	11-future-of-israel.md
申命記 30	10-faith-and-mission.md
申命記 30:11-14	10-faith-and-mission.md
申命記 30:12-14	10-faith-and-mission.md
申命記 30:6	02-righteous-judgment.md
申命記 32	15-christs-example-mission.md
申命記 32:21	10-faith-and-mission.md, 11-future-of-israel.md
申命記 32:35	12-living-sacrifice.md
申命記 32:43	15-christs-example-mission.md
申命記 6:5	13-submission-to-authority.md
申命記 7:7-8	09-sovereign-election.md
箴言 25:21-22	12-living-sacrifice.md
約伯記 41:11	11-future-of-israel.md
約書亞記 1:16	15-christs-example-mission.md
約珥書 2:32	10-faith-and-mission.md
約翰三書 12	16-greetings-conclusion.md
約翰福音 100	00-overview.md
約翰福音 12:42-43	10-faith-and-mission.md
約翰福音 15:25	03-universal-sin-justification.md
約翰福音 20:31	00c-gospel-spine.md
約翰福音 347	01-gospel-and-condemnation.md, 02-righteous-judgment.md, 04-abrahams-faith.md, 05-fruits-of-justification.md, 06-united-with-christ.md, 09-sovereign-election.md, 10-faith-and-mission.md, 12-living-sacrifice.md, 13-submission-to-authority.md, 14-weak-and-strong.md, 15-christs-example-mission.md, 16-greetings-conclusion.md
約翰福音 3:30	000-preface.md
約翰福音 5:22	14-weak-and-strong.md
約翰福音 5:47	04-abrahams-faith.md
約翰福音 60	00c-gospel-spine.md
約翰福音 74	00c-gospel-spine.md
羅馬書 1	00c-gospel-spine.md, 01-gospel-and-condemnation.md, 03-universal-sin-justification.md, 04-abrahams-faith.md, 11-future-of-israel.md
羅馬書 10	10-faith-and-mission.md
羅馬書 10:1-21	10-faith-and-mission.md
羅馬書 10:14-17	01-gospel-and-condemnation.md
羅馬書 10:19	11-future-of-israel.md
羅馬書 10:4	00c-gospel-spine.md, 02-righteous-judgment.md
羅馬書 10:6-8	10-faith-and-mission.md
羅馬書 10:8-15	10-faith-and-mission.md
羅馬書 10:9-10	00b-systematic-reception.md
羅馬書 11	11-future-of-israel.md
羅馬書 11:1-36	11-future-of-israel.md
羅馬書 11:16-29	11-future-of-israel.md
羅馬書 11:25	16-greetings-conclusion.md
羅馬書 11:33-36	16-greetings-conclusion.md
羅馬書 11:36	00-overview.md, 11-future-of-israel.md
羅馬書 11:6	04-abrahams-faith.md
羅馬書 11:9-10	00-overview.md
羅馬書 12	13-submission-to-authority.md, 15-christs-example-mission.md
羅馬書 12:1	12-living-sacrifice.md
羅馬書 12:1-2	12-living-sacrifice.md
羅馬書 12:1-21	12-living-sacrifice.md
羅馬書 13	13-submission-to-authority.md
羅馬書 13:1-14	13-submission-to-authority.md
羅馬書 13:1-5	13-submission-to-authority.md
羅馬書 13:12	13-submission-to-authority.md
羅馬書 13:13	00a-romans-position.md
羅馬書 13:13-14	13-submission-to-authority.md
羅馬書 13:14	13-submission-to-authority.md
羅馬書 13:3	13-submission-to-authority.md
羅馬書 13:9-10	13-submission-to-authority.md
羅馬書 14	14-weak-and-strong.md
羅馬書 14:1-23	14-weak-and-strong.md
羅馬書 14:17	14-weak-and-strong.md
羅馬書 14:6-8	14-weak-and-strong.md
羅馬書 14:8	12-living-sacrifice.md
羅馬書 15	15-christs-example-mission.md
羅馬書 15:1-33	15-christs-example-mission.md
羅馬書 15:14-21	15-christs-example-mission.md
羅馬書 15:23	00-overview.md
羅馬書 15:24	00-overview.md
羅馬書 15:25-26	00-overview.md
羅馬書 15:9-11	00-overview.md
羅馬書 16	16-greetings-conclusion.md, 99-to-spain.md
羅馬書 16:1-27	16-greetings-conclusion.md
羅馬書 16:17-19	16-greetings-conclusion.md
羅馬書 16:20	16-greetings-conclusion.md
羅馬書 16:23	00-overview.md, 01-gospel-and-condemnation.md, 15-christs-example-mission.md
羅馬書 16:25-27	16-greetings-conclusion.md
羅馬書 1:1-32	01-gospel-and-condemnation.md
羅馬書 1:11-13	12-living-sacrifice.md
羅馬書 1:13	16-greetings-conclusion.md
羅馬書 1:16	999-afterword.md
羅馬書 1:16-17	00-overview.md, 00a-romans-position.md, 00b-systematic-reception.md
羅馬書 1:16-18	01-gospel-and-condemnation.md
羅馬書 1:17	00a-romans-position.md, 01-gospel-and-condemnation.md
羅馬書 1:19-20	01-gospel-and-condemnation.md
羅馬書 1:20	02-righteous-judgment.md
羅馬書 1:3-4	99-to-spain.md
羅馬書 1:5	16-greetings-conclusion.md
羅馬書 2	02-righteous-judgment.md, 04-abrahams-faith.md
羅馬書 2:1-29	02-righteous-judgment.md
羅馬書 2:13	02-righteous-judgment.md
羅馬書 2:17-29	02-righteous-judgment.md
羅馬書 2:29	02-righteous-judgment.md, 07-law-and-flesh.md
羅馬書 3	03-universal-sin-justification.md
羅馬書 3:1-31	03-universal-sin-justification.md
羅馬書 3:10-12	02-righteous-judgment.md
羅馬書 3:10-18	00-overview.md
羅馬書 3:20	03-universal-sin-justification.md, 04-abrahams-faith.md
羅馬書 3:21-26	00-overview.md, 03-universal-sin-justification.md
羅馬書 3:21-31	03-universal-sin-justification.md, 04-abrahams-faith.md
羅馬書 3:22-23	10-faith-and-mission.md
羅馬書 3:23	00b-systematic-reception.md
羅馬書 3:23-24	06-united-with-christ.md
羅馬書 3:24-25	00-overview.md, 00b-systematic-reception.md, 03-universal-sin-justification.md
羅馬書 3:25	03-universal-sin-justification.md
羅馬書 3:9	02-righteous-judgment.md
羅馬書 4	00-overview.md, 04-abrahams-faith.md, 99-to-spain.md
羅馬書 4:1-25	04-abrahams-faith.md
羅馬書 4:1-8	04-abrahams-faith.md
羅馬書 4:22-25	00-overview.md
羅馬書 4:3	03-universal-sin-justification.md, 06-united-with-christ.md
羅馬書 4:4-5	04-abrahams-faith.md
羅馬書 4:5	04-abrahams-faith.md
羅馬書 4:7-8	00-overview.md, 04-abrahams-faith.md
羅馬書 5	00b-systematic-reception.md, 01-gospel-and-condemnation.md, 05-fruits-of-justification.md
羅馬書 5:1	05-fruits-of-justification.md
羅馬書 5:1-21	05-fruits-of-justification.md
羅馬書 5:12	05-fruits-of-justification.md
羅馬書 5:12-14	05-fruits-of-justification.md
羅馬書 5:12-19	01-gospel-and-condemnation.md
羅馬書 5:17	00-overview.md
羅馬書 5:20	05-fruits-of-justification.md
羅馬書 5:5	02-righteous-judgment.md, 05-fruits-of-justification.md, 13-submission-to-authority.md
羅馬書 5:8	00-overview.md, 00b-systematic-reception.md
羅馬書 6	03-universal-sin-justification.md, 05-fruits-of-justification.md, 06-united-with-christ.md
羅馬書 6:1-2	05-fruits-of-justification.md
羅馬書 6:1-23	06-united-with-christ.md
羅馬書 6:10	12-living-sacrifice.md
羅馬書 6:17-20	03-universal-sin-justification.md
羅馬書 6:22	06-united-with-christ.md
羅馬書 6:23	00b-systematic-reception.md, 06-united-with-christ.md
羅馬書 6:4	06-united-with-christ.md
羅馬書 7	07-law-and-flesh.md, 13-submission-to-authority.md
羅馬書 7:1-25	07-law-and-flesh.md
羅馬書 7:14-25	07-law-and-flesh.md
羅馬書 7:19	13-submission-to-authority.md
羅馬書 7:24	07-law-and-flesh.md
羅馬書 7:6	02-righteous-judgment.md
羅馬書 8	00-overview.md, 01-gospel-and-condemnation.md, 03-universal-sin-justification.md, 08-life-in-the-spirit.md, 09-sovereign-election.md, 99-to-spain.md
羅馬書 8:1	01-gospel-and-condemnation.md, 03-universal-sin-justification.md, 10-faith-and-mission.md
羅馬書 8:1-11	08-life-in-the-spirit.md
羅馬書 8:1-39	08-life-in-the-spirit.md
羅馬書 8:14-17	08-life-in-the-spirit.md
羅馬書 8:15	08-life-in-the-spirit.md
羅馬書 8:15-16	08-life-in-the-spirit.md
羅馬書 8:16	08-life-in-the-spirit.md
羅馬書 8:2	13-submission-to-authority.md
羅馬書 8:28	00-overview.md, 08-life-in-the-spirit.md
羅馬書 8:3-4	02-righteous-judgment.md
羅馬書 8:32	01-gospel-and-condemnation.md, 999-afterword.md
羅馬書 8:33	00-overview.md
羅馬書 8:35-39	08-life-in-the-spirit.md
羅馬書 8:36	00-overview.md, 08-life-in-the-spirit.md
羅馬書 9	00b-systematic-reception.md, 08-life-in-the-spirit.md, 09-sovereign-election.md, 10-faith-and-mission.md, 11-future-of-israel.md
羅馬書 9:1-33	09-sovereign-election.md
羅馬書 9:10-29	09-sovereign-election.md
羅馬書 9:19-33	09-sovereign-election.md
耶利米書 18	09-sovereign-election.md
耶利米書 18:1-6	09-sovereign-election.md
耶利米書 31	04-abrahams-faith.md
腓立比書 1:1	16-greetings-conclusion.md
腓立比書 1:13	15-christs-example-mission.md
腓立比書 1:5	15-christs-example-mission.md
腓立比書 2	15-christs-example-mission.md
腓立比書 2:10-11	14-weak-and-strong.md
腓立比書 2:7	15-christs-example-mission.md
腓立比書 3:20	13-submission-to-authority.md
腓立比書 4:22	15-christs-example-mission.md
詩篇 100	09-sovereign-election.md, 11-future-of-israel.md
詩篇 100:3-5	09-sovereign-election.md
詩篇 103:8-12	05-fruits-of-justification.md
詩篇 10:7	03-universal-sin-justification.md
詩篇 115:1	16-greetings-conclusion.md
詩篇 116:12-17	12-living-sacrifice.md
詩篇 117	15-christs-example-mission.md
詩篇 117:1	15-christs-example-mission.md
詩篇 130	03-universal-sin-justification.md
詩篇 130:1-4	03-universal-sin-justification.md, 07-law-and-flesh.md
詩篇 133	14-weak-and-strong.md
詩篇 14	00-overview.md
詩篇 140:3	03-universal-sin-justification.md
詩篇 145	11-future-of-israel.md
詩篇 145:3	11-future-of-israel.md
詩篇 14:1-3	02-righteous-judgment.md, 03-universal-sin-justification.md
詩篇 18	00-overview.md, 15-christs-example-mission.md
詩篇 18:49	15-christs-example-mission.md
詩篇 19:1-4	01-gospel-and-condemnation.md, 10-faith-and-mission.md
詩篇 19:4	10-faith-and-mission.md
詩篇 1:1	04-abrahams-faith.md
詩篇 32:1-2	00-overview.md, 04-abrahams-faith.md
詩篇 36:1	03-universal-sin-justification.md
詩篇 40	06-united-with-christ.md
詩篇 40:1-3	06-united-with-christ.md
詩篇 44	08-life-in-the-spirit.md
詩篇 44:20-26	08-life-in-the-spirit.md
詩篇 44:22	00-overview.md, 08-life-in-the-spirit.md
詩篇 53:1-3	03-universal-sin-justification.md
詩篇 5:9	03-universal-sin-justification.md
詩篇 67:1-4	15-christs-example-mission.md
詩篇 69:22-23	00-overview.md, 11-future-of-israel.md
詩篇 69:9	15-christs-example-mission.md
詩篇 72	13-submission-to-authority.md
詩篇 72:1-4	13-submission-to-authority.md
詩篇 90:17	000-preface.md, 999-afterword.md
雅各書 2	04-abrahams-faith.md
雅各書 2:14-20	04-abrahams-faith.md
雅各書 2:21-24	04-abrahams-faith.md
馬可福音 14:36	08-life-in-the-spirit.md
馬可福音 7:19	14-weak-and-strong.md
馬太福音 10:32-33	10-faith-and-mission.md
馬太福音 22:37-40	13-submission-to-authority.md
馬太福音 26:15	01-gospel-and-condemnation.md
馬太福音 26:39	15-christs-example-mission.md
馬太福音 27:51	03-universal-sin-justification.md
馬太福音 28:18	13-submission-to-authority.md
馬太福音 28:19-20	10-faith-and-mission.md
