https://www.gty.org/sermons/81-73/finding-security-in-a-troubled-world	Selected Scriptures | 81-73 | March 22, 2020
https://www.gty.org/sermons/48-10/keeping-the-gospel-pure	Galatians 2:13–21 | 48-10 | June 11, 2017
https://www.gty.org/sermons/43-40/keeping-the-divine-timetable	John 7:1–13 | 43-40 | January 26, 2014
https://www.gty.org/sermons/80-407/finding-security-in-this-troubled-world	1 Peter 3:13–17 | 80-407 | May 12, 2013
https://www.gty.org/sermons/80-387/enoch-walked-with-god	Selected Scriptures | 80-387 | April 22, 2012
https://www.gty.org/sermons/90-427/guaranteed-glory	Romans 8:29–30 | 90-427 | January 22, 2012
https://www.gty.org/sermons/90-383/enoch-the-walk-of-faith	Hebrews 11:5–6 | 90-383 | November 1, 2009
https://www.gty.org/sermons/80-352/the-divine-guarantee-of-an-eternal-salvation-part-3	Romans 5:9–11 | 80-352 | June 7, 2009
https://www.gty.org/sermons/80-351/the-divine-guarantee-of-an-eternal-salvation-part-2	Romans 5:2–8 | 80-351 | May 31, 2009
https://www.gty.org/sermons/80-350/the-divine-guarantee-of-an-eternal-salvation-part-1	Romans 5:1–2 | 80-350 | May 24, 2009
https://www.gty.org/sermons/GTY119/when-believers-stop-believing-portrait-of-an-apostate	Selected Scriptures | GTY119 | April 7, 2009
https://www.gty.org/sermons/42-211/why-false-teachers-mock-the-truth-part-3	Luke 16:16–18 | 42-211 | April 2, 2006
https://www.gty.org/sermons/42-210/why-false-teachers-mock-the-truth-part-2	Luke 16:14–16 | 42-210 | March 26, 2006
https://www.gty.org/sermons/42-209/why-false-teachers-mock-the-truth-part-1	Luke 16:14–15 | 42-209 | March 19, 2006
https://www.gty.org/sermons/90-272/the-perseverance-of-the-saints-part-3	1 Peter 1:6–9 | 90-272 | September 12, 2004
https://www.gty.org/sermons/90-271/the-perseverance-of-the-saints-part-2	Selected Scriptures | 90-271 | September 5, 2004
https://www.gty.org/sermons/90-270/the-perseverance-of-the-saints-part-1	Selected Scriptures | 90-270 | August 29, 2004
https://www.gty.org/sermons/90-250/cain-the-portrait-of-a-doomed-sinner-part-2	Genesis 4:6–16 | 90-250 | October 8, 2000
https://www.gty.org/sermons/90-249/cain-the-portrait-of-a-doomed-sinner-part-1	Genesis 4:1–5 | 90-249 | October 1, 2000
https://www.gty.org/sermons/42-52/from-the-wilderness-to-galilee-jesus-judean-ministry	Luke 4:14–15 | 42-52 | May 21, 2000
https://www.gty.org/sermons/90-187/links-in-the-chain-of-security-love-deliverance-joy	Romans 5:5–11 | 90-187 | April 5, 1998
https://www.gty.org/sermons/90-186/links-in-the-chain-of-security-hope	Romans 5:2–4 | 90-186 | March 29, 1998
https://www.gty.org/sermons/90-185/links-in-the-chain-of-security-peace-and-grace	Romans 5:1–2 | 90-185 | March 8, 1998
https://www.gty.org/sermons/90-179/the-recipients-source-and-certainty-of-security	Romans 8:28 | 90-179 | January 4, 1998
https://www.gty.org/sermons/90-178/the-extent-of-the-believers-security	Romans 8:28 | 90-178 | December 14, 1997
https://www.gty.org/sermons/90-168/free-from-sin-able-to-fulfill-gods-law	Romans 8:1–4 | 90-168 | September 28, 1997
https://www.gty.org/sermons/80-135/doxology-praise-for-salvation	Selected Scriptures | 80-135 | November 27, 1994
https://www.gty.org/sermons/80-129/keeping-a-pure-mind	Selected Scriptures | 80-129 | January 9, 1994
https://www.gty.org/sermons/80-110/three-things-that-keep-people-from-christ	Selected Scriptures | 80-110 | January 3, 1993
https://www.gty.org/sermons/80-91/the-song-of-security	Romans 8:31-39 | 80-91 | September 29, 1991
https://www.gty.org/sermons/80-90/the-ultimate-security	Selected Scriptures | 80-90 | September 22, 1991
https://www.gty.org/sermons/61-19/divine-judgment-on-false-teachers-part-2	2 Peter 2:5–10a | 61-19 | December 16, 1990
https://www.gty.org/sermons/61-18/divine-judgment-on-false-teachers-part-1	2 Peter 2:3b–5 | 61-18 | December 9, 1990
https://www.gty.org/sermons/61-17/a-portrait-of-false-teachers-part-2	2 Peter 2:1–3 | 61-17 | November 18, 1990
https://www.gty.org/sermons/61-16/a-portrait-of-false-teachers-part-1	2 Peter 2:1–3 | 61-16 | November 11, 1990
https://www.gty.org/sermons/60-20/the-believers-privileges-part-4-security-and-affection	1 Peter 2:6–8 | 60-20 | February 5, 1989
https://www.gty.org/sermons/55-9/the-danger-of-false-teaching	2 Timothy 2:14b–19 | 55-9 | October 12, 1987
https://www.gty.org/sermons/54-45/the-pathology-of-false-teachers	1 Timothy 6:3–5 | 54-45 | March 1, 1987
https://www.gty.org/sermons/54-5/how-to-treat-false-teachers-part-2	1 Timothy 1:7–11 | 54-5 | October 13, 1985
https://www.gty.org/sermons/54-4/how-to-treat-false-teachers-part-1	1 Timothy 1:3–6 | 54-4 | October 6, 1985
https://www.gty.org/sermons/45-68/the-hymn-of-security-part-2	Romans 8:35–39 | 45-68 | October 16, 1983
https://www.gty.org/sermons/45-67/the-hymn-of-security-part-1	Romans 8:31–34 | 45-67 | October 9, 1983
https://www.gty.org/sermons/45-66/the-ultimate-security-of-our-salvation	Romans 8:29–30 | 45-66 | October 2, 1983
https://www.gty.org/sermons/45-65/the-promise-of-security-part-2	Romans 8:28 | 45-65 | September 25, 1983
https://www.gty.org/sermons/45-64/the-promise-of-security-part-1	Romans 8:28 | 45-64 | September 18, 1983
https://www.gty.org/sermons/45-42/the-security-of-salvation-part-3	Romans 5:5b–11 | 45-42 | October 3, 1982
https://www.gty.org/sermons/45-41/the-security-of-salvation-part-2	Romans 5:2b–5a | 45-41 | September 26, 1982
https://www.gty.org/sermons/45-40/the-security-of-salvation-part-1	Romans 5:1–2a | 45-40 | September 19, 1982
https://www.gty.org/sermons/45-23/false-security-part-2	Romans 2:19–29 | 45-23 | November 8, 1981
https://www.gty.org/sermons/45-22/false-security-part-1	Romans 2:17–20 | 45-22 | November 1, 1981
https://www.gty.org/sermons/2259/what-keeps-men-from-christ	Matthew 8:16–22 | 2259 | November 2, 1980
https://www.gty.org/sermons/1384/warning-to-an-apostate-nation	Jeremiah | 1384 | August 26, 1979
https://www.gty.org/sermons/1905/divine-promises-guaranteed	Ephesians 1:11–14 | 1905 | February 5, 1978
https://www.gty.org/sermons/1628/enoch-and-the-walk-of-faith	Hebrews 11:5–6 | 1628 | December 17, 1972
https://www.gty.org/sermons/1618/jesus-the-guarantee-of-a-better-covenant	Hebrews 7:20–28 | 1618 | August 27, 1972
