code	title	scripture	date_preached	transcript_chars	url
65-1	The Enemy Within	Jude 1	January 11, 2004	44727	https://www.gty.org/sermons/65-1/the-enemy-within
65-2	Eternal Security in Temporal Conflict	Jude 1–2	January 25, 2004	45109	https://www.gty.org/sermons/65-2/eternal-security-in-temporal-conflict
65-3	Compelled to Contend	Jude 3	January 25, 2004	36570	https://www.gty.org/sermons/65-3/compelled-to-contend
65-4	Unveiling the Apostates	Jude 4–5	February 29, 2004	42541	https://www.gty.org/sermons/65-4/unveiling-the-apostates
65-5	Apostates, Be Warned, Part 1	Jude 5	March 14, 2004	37809	https://www.gty.org/sermons/65-5/apostates-be-warned-part-1
65-6	Apostates, Be Warned, Part 2	Jude 6–7	March 28, 2004	45804	https://www.gty.org/sermons/65-6/apostates-be-warned-part-2
65-7	How to Identify Terrorists in the Church	Jude 8	April 4, 2004	46288	https://www.gty.org/sermons/65-7/how-to-identify-terrorists-in-the-church
65-8	The Apostates' Blasphemy	Jude 8–10	April 18, 2004	41099	https://www.gty.org/sermons/65-8/the-apostates-blasphemy
65-9	Apostates Illustrated	Jude 11–13	April 25, 2004	45171	https://www.gty.org/sermons/65-9/apostates-illustrated
65-10	The Coming Judgment on Apostates, Part 1	Jude 14	May 2, 2004	39168	https://www.gty.org/sermons/65-10/the-coming-judgment-on-apostates-part-1
65-11	The Coming Judgment on Apostates, Part 2	Jude 14–16	July 11, 2004	44237	https://www.gty.org/sermons/65-11/the-coming-judgment-on-apostates-part-2
65-12	Survival Strategy for Apostate Times, Part 1	Jude 17–19	July 25, 2004	33783	https://www.gty.org/sermons/65-12/survival-strategy-for-apostate-times-part-1
65-13	Survival Strategy for Apostate Times, Part 2	Jude 20–21	August 1, 2004	50678	https://www.gty.org/sermons/65-13/survival-strategy-for-apostate-times-part-2
65-14	Survival Strategy for Apostate Times, Part 3	Jude 22–23	August 8, 2004	42657	https://www.gty.org/sermons/65-14/survival-strategy-for-apostate-times-part-3
65-15	The Saint's Guarantee	Jude 24–25	August 22, 2004	42983	https://www.gty.org/sermons/65-15/the-saints-guarantee
